{
  "epoch": 2,
  "model_name": "distributed-node-0",
  "loss": 0.3664891121885936,
  "accuracy": 0.9223070230229095,
  "learning_rate": 0.001,
  "batch_size": 64,
  "precision": "bf16",
  "devices": [
    0,
    1,
    2,
    3
  ],
  "training_history": {
    "epoch": [
      1,
      2
    ],
    "loss": [
      1.1703748181910505,
      0.41917509619616616
    ],
    "accuracy": [
      0.6329023414158198,
      0.9223070230229095
    ],
    "val_loss": [
      1.1079744523128563,
      0.3664891121885936
    ],
    "val_accuracy": [
      0.5856587822980006,
      0.9293497754249709
    ],
    "learning_rate": [
      0.001,
      0.001
    ],
    "batch_time": [
      0.11262966670345588,
      0.11113215954268638
    ],
    "throughput": [
      568.233946465512,
      575.8909055971085
    ]
  },
  "optimizer_state": {
    "momentum": 0.9,
    "weight_decay": 0.01
  },
  "timestamp": 1755610975.0043728
}