{
  "epoch": 2,
  "model_name": "quick-demo-model",
  "loss": 0.9738849139404266,
  "accuracy": 0.7329269716068761,
  "learning_rate": 0.001,
  "batch_size": 32,
  "precision": "bf16",
  "devices": [
    0,
    1,
    2,
    3,
    4,
    5,
    6,
    7
  ],
  "training_history": {
    "epoch": [
      1,
      2
    ],
    "loss": [
      1.4231269051762934,
      0.9233873827268624
    ],
    "accuracy": [
      0.5285469195664945,
      0.7329269716068761
    ],
    "val_loss": [
      1.548298005346531,
      0.9738849139404266
    ],
    "val_accuracy": [
      0.6151711096670825,
      0.7721797633075047
    ],
    "learning_rate": [
      0.001,
      0.001
    ],
    "batch_time": [
      0.0684724515353043,
      0.06977795572965677
    ],
    "throughput": [
      467.3412340655109,
      458.5975565689936
    ]
  },
  "optimizer_state": {
    "momentum": 0.9,
    "weight_decay": 0.01
  },
  "timestamp": 1755610308.6576705
}