{
  "epoch": 1,
  "model_name": "quick-demo-model",
  "loss": 1.548298005346531,
  "accuracy": 0.5285469195664945,
  "learning_rate": 0.001,
  "batch_size": 32,
  "precision": "bf16",
  "devices": [
    0,
    1,
    2,
    3,
    4,
    5,
    6,
    7
  ],
  "training_history": {
    "epoch": [
      1
    ],
    "loss": [
      1.4231269051762934
    ],
    "accuracy": [
      0.5285469195664945
    ],
    "val_loss": [
      1.548298005346531
    ],
    "val_accuracy": [
      0.6151711096670825
    ],
    "learning_rate": [
      0.001
    ],
    "batch_time": [
      0.0684724515353043
    ],
    "throughput": [
      467.3412340655109
    ]
  },
  "optimizer_state": {
    "momentum": 0.9,
    "weight_decay": 0.01
  },
  "timestamp": 1755610308.6556013
}