{
  "epoch": 1,
  "model_name": "generation-2-robust-demo",
  "loss": 1.438407971600013,
  "accuracy": 0.5296551002337188,
  "learning_rate": 0.001,
  "batch_size": 32,
  "precision": "bf16",
  "devices": [
    0,
    1,
    2,
    3,
    4,
    5,
    6,
    7
  ],
  "training_history": {
    "epoch": [
      1
    ],
    "loss": [
      1.4356939977152479
    ],
    "accuracy": [
      0.5296551002337188
    ],
    "val_loss": [
      1.438407971600013
    ],
    "val_accuracy": [
      0.559301829353404
    ],
    "learning_rate": [
      0.001
    ],
    "batch_time": [
      0.0689797822303379
    ],
    "throughput": [
      463.9040450018429
    ]
  },
  "optimizer_state": {
    "momentum": 0.9,
    "weight_decay": 0.01
  },
  "timestamp": 1755610811.2343628
}