{
  "epoch": 2,
  "model_name": "generation-2-robust-demo",
  "loss": 0.8347170561870689,
  "accuracy": 0.7325389817405408,
  "learning_rate": 0.001,
  "batch_size": 32,
  "precision": "bf16",
  "devices": [
    0,
    1,
    2,
    3,
    4,
    5,
    6,
    7
  ],
  "training_history": {
    "epoch": [
      1,
      2
    ],
    "loss": [
      1.4356939977152479,
      0.9336854249465597
    ],
    "accuracy": [
      0.5296551002337188,
      0.7325389817405408
    ],
    "val_loss": [
      1.438407971600013,
      0.8347170561870689
    ],
    "val_accuracy": [
      0.559301829353404,
      0.692123712830441
    ],
    "learning_rate": [
      0.001,
      0.001
    ],
    "batch_time": [
      0.0689797822303379,
      0.068106248837065
    ],
    "throughput": [
      463.9040450018429,
      469.85409630408043
    ]
  },
  "optimizer_state": {
    "momentum": 0.9,
    "weight_decay": 0.01
  },
  "timestamp": 1755610811.2367992
}