{
  "epoch": 3,
  "model_name": "generation-2-robust-demo",
  "loss": 0.36024239197489755,
  "accuracy": 0.9235318795059793,
  "learning_rate": 0.001,
  "batch_size": 32,
  "precision": "bf16",
  "devices": [
    0,
    1,
    2,
    3,
    4,
    5,
    6,
    7
  ],
  "training_history": {
    "epoch": [
      1,
      2,
      3
    ],
    "loss": [
      1.4356939977152479,
      0.9336854249465597,
      0.42354668915572546
    ],
    "accuracy": [
      0.5296551002337188,
      0.7325389817405408,
      0.9235318795059793
    ],
    "val_loss": [
      1.438407971600013,
      0.8347170561870689,
      0.36024239197489755
    ],
    "val_accuracy": [
      0.559301829353404,
      0.692123712830441,
      0.9502749413572363
    ],
    "learning_rate": [
      0.001,
      0.001,
      0.001
    ],
    "batch_time": [
      0.0689797822303379,
      0.068106248837065,
      0.06859571107984994
    ],
    "throughput": [
      463.9040450018429,
      469.85409630408043,
      466.50146920628737
    ]
  },
  "optimizer_state": {
    "momentum": 0.9,
    "weight_decay": 0.01
  },
  "timestamp": 1755610811.2389975
}