{
  "epoch": 10,
  "config": {
    "model_name": "error-demo",
    "batch_size": 16,
    "learning_rate": 0.001,
    "max_epochs": 10,
    "precision": "float32",
    "output_dir": "output",
    "validation_split": 0.2,
    "early_stopping_patience": 3,
    "checkpoint_every": 1,
    "log_level": "INFO"
  },
  "metrics": {
    "epoch": 10,
    "train_loss": 0.33022760537571527,
    "train_accuracy": 0.9342221936865527,
    "val_loss": 0.39465540432997565,
    "val_accuracy": 0.9361859310944161,
    "epoch_time": 0.20090508460998535,
    "health_status": "healthy"
  },
  "timestamp": 1754670494.66767
}