{
  "epoch": 4,
  "config": {
    "model_name": "extreme-opt-demo",
    "batch_size": 128,
    "learning_rate": 0.001,
    "max_epochs": 4,
    "optimization_level": "extreme",
    "enable_caching": true,
    "cache_size": 2000,
    "enable_async_processing": true,
    "async_batch_size": 128,
    "max_workers": 4,
    "connection_pool_size": 50,
    "enable_distributed": false,
    "num_nodes": 1,
    "node_rank": 0,
    "enable_prefetch": true,
    "prefetch_factor": 4,
    "enable_memory_optimization": true,
    "enable_cpu_optimization": true,
    "output_dir": "optimized_output"
  },
  "metrics": {
    "epoch": 4,
    "train_loss": 1.0928966049911963,
    "train_accuracy": 0.668836617965838,
    "val_loss": 1.1475414352407562,
    "val_accuracy": 0.6621482517861796,
    "epoch_time": 0.050394535064697266,
    "throughput": 2545.1597720657255,
    "cache_hit_rate": 0.5,
    "memory_usage": 190.72594807675756,
    "cpu_usage": 94.60175022425098
  },
  "performance_summary": {
    "epoch_1": {
      "count": 1,
      "total_duration": 0.05048012733459473,
      "avg_duration": 0.05048012733459473,
      "max_duration": 0.05048012733459473,
      "min_duration": 0.05048012733459473,
      "avg_memory_usage": 0.0,
      "max_memory_usage": 0.0
    },
    "epoch_2": {
      "count": 1,
      "total_duration": 0.05050468444824219,
      "avg_duration": 0.05050468444824219,
      "max_duration": 0.05050468444824219,
      "min_duration": 0.05050468444824219,
      "avg_memory_usage": 0.0,
      "max_memory_usage": 0.0
    },
    "epoch_3": {
      "count": 1,
      "total_duration": 0.05046701431274414,
      "avg_duration": 0.05046701431274414,
      "max_duration": 0.05046701431274414,
      "min_duration": 0.05046701431274414,
      "avg_memory_usage": 0.0,
      "max_memory_usage": 0.0
    },
    "epoch_4": {
      "count": 1,
      "total_duration": 0.05047965049743652,
      "avg_duration": 0.05047965049743652,
      "max_duration": 0.05047965049743652,
      "min_duration": 0.05047965049743652,
      "avg_memory_usage": 0.0,
      "max_memory_usage": 0.0
    }
  },
  "cache_stats": {
    "hits": 4,
    "misses": 4,
    "hit_rate": 0.5,
    "size": 4,
    "max_size": 2000
  },
  "pool_stats": {
    "max_connections": 50,
    "total_created": 10,
    "active_connections": 0,
    "available_connections": 10,
    "total_requests": 4,
    "utilization": 0.0
  },
  "processor_stats": {
    "total_processed": 0,
    "total_batches": 0,
    "batch_size": 128,
    "max_workers": 4,
    "queue_size": 20
  },
  "timestamp": 1754670626.9071035
}