{
  "epoch": 2,
  "model_name": "distributed-node-2",
  "loss": 0.41011495188041824,
  "accuracy": 0.9260302801961222,
  "learning_rate": 0.001,
  "batch_size": 64,
  "precision": "bf16",
  "devices": [
    8,
    9,
    10,
    11
  ],
  "training_history": {
    "epoch": [
      1,
      2
    ],
    "loss": [
      1.168583184065969,
      0.42004052499292144
    ],
    "accuracy": [
      0.6308443065284183,
      0.9260302801961222
    ],
    "val_loss": [
      1.174504526266694,
      0.41011495188041824
    ],
    "val_accuracy": [
      0.688805907977269,
      0.8859422551289935
    ],
    "learning_rate": [
      0.001,
      0.001
    ],
    "batch_time": [
      0.11194778436917545,
      0.1133372725613485
    ],
    "throughput": [
      571.6951019677549,
      564.686255047803
    ]
  },
  "optimizer_state": {
    "momentum": 0.9,
    "weight_decay": 0.01
  },
  "timestamp": 1755610975.0155003
}