{
  "epoch": 2,
  "model_name": "distributed-node-1",
  "loss": 0.3959434313051663,
  "accuracy": 0.9239351558859985,
  "learning_rate": 0.001,
  "batch_size": 64,
  "precision": "bf16",
  "devices": [
    4,
    5,
    6,
    7
  ],
  "training_history": {
    "epoch": [
      1,
      2
    ],
    "loss": [
      1.1756302100783416,
      0.42959468318066885
    ],
    "accuracy": [
      0.6331698245275912,
      0.9239351558859985
    ],
    "val_loss": [
      1.1923808171657448,
      0.3959434313051663
    ],
    "val_accuracy": [
      0.6379440977292067,
      0.9374909408135352
    ],
    "learning_rate": [
      0.001,
      0.001
    ],
    "batch_time": [
      0.11092149138953206,
      0.11097133314650645
    ],
    "throughput": [
      576.984669050707,
      576.7255216759988
    ]
  },
  "optimizer_state": {
    "momentum": 0.9,
    "weight_decay": 0.01
  },
  "timestamp": 1755610975.0097945
}