{
  "epochs": [
    1,
    2,
    3
  ],
  "losses": [
    2.4872946428571443,
    2.187294642857143,
    1.887294642857143
  ],
  "learning_rates": [
    0.0006,
    0.00054,
    0.00047999999999999996
  ],
  "throughput": [
    176395.04266604083,
    190129.33238895072,
    204856.71212864542
  ],
  "memory_usage": [
    12.52,
    12.62,
    12.719999999999999
  ],
  "training_time": [
    0.005079507827758789,
    0.004712581634521484,
    0.004373788833618164
  ]
}