{
  "epoch": 2,
  "model_name": "monitoring-demo",
  "loss": 0.44273363706334895,
  "accuracy": 0.9189786665589946,
  "learning_rate": 0.001,
  "batch_size": 128,
  "precision": "bf16",
  "devices": [
    0,
    1,
    2,
    3,
    4,
    5,
    6,
    7
  ],
  "training_history": {
    "epoch": [
      1,
      2
    ],
    "loss": [
      1.1722897859471015,
      0.42857425212383565
    ],
    "accuracy": [
      0.6291272984798961,
      0.9189786665589946
    ],
    "val_loss": [
      1.1791395490822238,
      0.44273363706334895
    ],
    "val_accuracy": [
      0.5794736482247628,
      0.927704964517626
    ],
    "learning_rate": [
      0.001,
      0.001
    ],
    "batch_time": [
      0.19456986884189154,
      0.19521055310362395
    ],
    "throughput": [
      657.8613675481965,
      655.7022556667495
    ]
  },
  "optimizer_state": {
    "momentum": 0.9,
    "weight_decay": 0.01
  },
  "timestamp": 1755610308.715415
}