{
  "epoch": 1,
  "model_name": "distributed-node-3",
  "loss": 1.1973852862126384,
  "accuracy": 0.6271789389530619,
  "learning_rate": 0.001,
  "batch_size": 64,
  "precision": "bf16",
  "devices": [
    12,
    13,
    14,
    15
  ],
  "training_history": {
    "epoch": [
      1
    ],
    "loss": [
      1.1825887407856577
    ],
    "accuracy": [
      0.6271789389530619
    ],
    "val_loss": [
      1.1973852862126384
    ],
    "val_accuracy": [
      0.6588558650455248
    ],
    "learning_rate": [
      0.001
    ],
    "batch_time": [
      0.11153137168667794
    ],
    "throughput": [
      573.8295784597133
    ]
  },
  "optimizer_state": {
    "momentum": 0.9,
    "weight_decay": 0.01
  },
  "timestamp": 1755610975.0192459
}