{
  "epoch": 2,
  "model_name": "distributed-node-3",
  "loss": 0.3834557911165433,
  "accuracy": 0.9234207628799121,
  "learning_rate": 0.001,
  "batch_size": 64,
  "precision": "bf16",
  "devices": [
    12,
    13,
    14,
    15
  ],
  "training_history": {
    "epoch": [
      1,
      2
    ],
    "loss": [
      1.1825887407856577,
      0.422089525776772
    ],
    "accuracy": [
      0.6271789389530619,
      0.9234207628799121
    ],
    "val_loss": [
      1.1973852862126384,
      0.3834557911165433
    ],
    "val_accuracy": [
      0.6588558650455248,
      0.8891359531407635
    ],
    "learning_rate": [
      0.001,
      0.001
    ],
    "batch_time": [
      0.11153137168667794,
      0.1123702720187281
    ],
    "throughput": [
      573.8295784597133,
      569.5456534031838
    ]
  },
  "optimizer_state": {
    "momentum": 0.9,
    "weight_decay": 0.01
  },
  "timestamp": 1755610975.0210316
}