{
  "session_id": "2c82a8c1322de4679cd4244f964550cd",
  "epoch": 2,
  "batch_idx": 50,
  "metrics": {
    "loss": 1.92,
    "memory_usage": 12.55,
    "throughput": 5270,
    "learning_rate": 0.00047999999999999996
  },
  "timestamp": "2025-08-21T01:09:39.412961+00:00",
  "config": {
    "model_name": "robust-llama-simple",
    "num_epochs": 3,
    "batch_size": 8,
    "learning_rate": 0.0006,
    "enable_health_checks": true,
    "enable_audit_logging": true,
    "checkpoint_interval": 50,
    "output_dir": "simplified_gen2_output"
  },
  "integrity_hash": "6ad2dcb3212a50daa1e6c103569323d7081682c872ee1164bd3f5f81cc87938a"
}