{
  "session_id": "2c82a8c1322de4679cd4244f964550cd",
  "epoch": 0,
  "batch_idx": 50,
  "metrics": {
    "loss": 2.4730000000000003,
    "memory_usage": 12.15,
    "throughput": 6923,
    "learning_rate": 0.0006
  },
  "timestamp": "2025-08-21T01:09:39.404659+00:00",
  "config": {
    "model_name": "robust-llama-simple",
    "num_epochs": 3,
    "batch_size": 8,
    "learning_rate": 0.0006,
    "enable_health_checks": true,
    "enable_audit_logging": true,
    "checkpoint_interval": 50,
    "output_dir": "simplified_gen2_output"
  },
  "integrity_hash": "46e47c82b81c0d94907c80cb3c494e72d511df34004463df568d17e0b737973b"
}