{
  "session_id": "2c82a8c1322de4679cd4244f964550cd",
  "epoch": 1,
  "batch_idx": 0,
  "metrics": {
    "loss": 2.2720000000000002,
    "memory_usage": 12.299999999999999,
    "throughput": 6172,
    "learning_rate": 0.00054
  },
  "timestamp": "2025-08-21T01:09:39.407725+00:00",
  "config": {
    "model_name": "robust-llama-simple",
    "num_epochs": 3,
    "batch_size": 8,
    "learning_rate": 0.0006,
    "enable_health_checks": true,
    "enable_audit_logging": true,
    "checkpoint_interval": 50,
    "output_dir": "simplified_gen2_output"
  },
  "integrity_hash": "ff1835552810f4a09cae03c415bf0fae26e785e68084c0e2b916ad8dfd5075e0"
}