{
  "session_id": "2c82a8c1322de4679cd4244f964550cd",
  "epoch": 2,
  "batch_idx": 0,
  "metrics": {
    "loss": 1.9669999999999999,
    "memory_usage": 12.5,
    "throughput": 5767,
    "learning_rate": 0.00047999999999999996
  },
  "timestamp": "2025-08-21T01:09:39.411621+00:00",
  "config": {
    "model_name": "robust-llama-simple",
    "num_epochs": 3,
    "batch_size": 8,
    "learning_rate": 0.0006,
    "enable_health_checks": true,
    "enable_audit_logging": true,
    "checkpoint_interval": 50,
    "output_dir": "simplified_gen2_output"
  },
  "integrity_hash": "9d845c8b4cbfc79c99e902e03ba04c69674b35fbf1ab07bc6c228aaa123d29e8"
}