{
  "epoch": 2,
  "model_name": "generation-1-demo",
  "loss": 1.303652313039069,
  "accuracy": 0.5694884331085523,
  "learning_rate": 0.001,
  "batch_size": 64,
  "precision": "bf16",
  "devices": [
    0,
    1,
    2,
    3,
    4,
    5,
    6,
    7
  ],
  "training_history": {
    "epoch": [
      1,
      2
    ],
    "loss": [
      1.6330579550428508,
      1.3269062755005185
    ],
    "accuracy": [
      0.44785670052506943,
      0.5694884331085523
    ],
    "val_loss": [
      1.657200087002626,
      1.303652313039069
    ],
    "val_accuracy": [
      0.4420079583368561,
      0.5713599505880601
    ],
    "learning_rate": [
      0.001,
      0.001
    ],
    "batch_time": [
      0.11081615213383976,
      0.11178756806413773
    ],
    "throughput": [
      577.5331372515362,
      572.5144674699446
    ]
  },
  "optimizer_state": {
    "momentum": 0.9,
    "weight_decay": 0.01
  },
  "timestamp": 1755610308.638792
}