{
  "epoch": 5,
  "model_name": "generation-1-demo",
  "loss": 0.3688681469982139,
  "accuracy": 0.9249033374189426,
  "learning_rate": 0.001,
  "batch_size": 64,
  "precision": "bf16",
  "devices": [
    0,
    1,
    2,
    3,
    4,
    5,
    6,
    7
  ],
  "training_history": {
    "epoch": [
      1,
      2,
      3,
      4,
      5
    ],
    "loss": [
      1.6330579550428508,
      1.3269062755005185,
      1.0218857726202057,
      0.7226327273669472,
      0.4205546963123922
    ],
    "accuracy": [
      0.44785670052506943,
      0.5694884331085523,
      0.6900040043411529,
      0.8123937454601246,
      0.9249033374189426
    ],
    "val_loss": [
      1.657200087002626,
      1.303652313039069,
      1.048035059774315,
      0.8070932261019887,
      0.3688681469982139
    ],
    "val_accuracy": [
      0.4420079583368561,
      0.5713599505880601,
      0.7748840806825513,
      0.860616858587345,
      0.9453150465692066
    ],
    "learning_rate": [
      0.001,
      0.001,
      0.001,
      0.001,
      0.001
    ],
    "batch_time": [
      0.11081615213383976,
      0.11178756806413773,
      0.11037908220884401,
      0.11024292841139223,
      0.1118660305103932
    ],
    "throughput": [
      577.5331372515362,
      572.5144674699446,
      579.8200050160597,
      580.5361026076154,
      572.112907805859
    ]
  },
  "optimizer_state": {
    "momentum": 0.9,
    "weight_decay": 0.01
  },
  "timestamp": 1755610308.6502497
}