{
  "success": true,
  "model_name": "generation-1-demo",
  "config": {
    "batch_size": 64,
    "learning_rate": 0.001,
    "max_epochs": 5,
    "precision": "bf16",
    "devices": [
      0,
      1,
      2,
      3,
      4,
      5,
      6,
      7
    ]
  },
  "metrics": {
    "final_loss": 0.4205546963123922,
    "final_accuracy": 0.9249033374189426,
    "best_val_loss": 0.3688681469982139,
    "best_val_accuracy": 0.9453150465692066,
    "total_epochs": 5,
    "total_time": 0.018996000289916992,
    "avg_epoch_time": 0.0037992000579833984,
    "avg_throughput": 576.503324030203,
    "profiling": {
      "train_epoch_1": 0.0017058849334716797,
      "val_epoch_1": 9.059906005859375e-06,
      "train_epoch_2": 0.0016314983367919922,
      "val_epoch_2": 6.198883056640625e-06,
      "train_epoch_3": 0.0017862319946289062,
      "val_epoch_3": 6.9141387939453125e-06,
      "train_epoch_4": 0.002152681350708008,
      "val_epoch_4": 3.0994415283203125e-06,
      "train_epoch_5": 0.0010173320770263672,
      "val_epoch_5": 2.86102294921875e-06,
      "total_training": 0.018994808197021484
    },
    "devices": {
      "device_0": {
        "utilization": 0.7756120762152374,
        "temperature": 72.1464226675333,
        "power_usage": 555.1224152430475,
        "memory_used": 0,
        "memory_total": 103079215104
      },
      "device_1": {
        "utilization": 0.8783824939612509,
        "temperature": 75.74338728864379,
        "power_usage": 575.6764987922502,
        "memory_used": 0,
        "memory_total": 103079215104
      },
      "device_2": {
        "utilization": 0.7780800383649473,
        "temperature": 72.23280134277316,
        "power_usage": 555.6160076729894,
        "memory_used": 0,
        "memory_total": 103079215104
      },
      "device_3": {
        "utilization": 0.7084853862610712,
        "temperature": 69.79698851913749,
        "power_usage": 541.6970772522143,
        "memory_used": 0,
        "memory_total": 103079215104
      },
      "device_4": {
        "utilization": 0.8461240618098826,
        "temperature": 74.6143421633459,
        "power_usage": 569.2248123619765,
        "memory_used": 0,
        "memory_total": 103079215104
      },
      "device_5": {
        "utilization": 0.8050675663316325,
        "temperature": 73.17736482160714,
        "power_usage": 561.0135132663265,
        "memory_used": 0,
        "memory_total": 103079215104
      },
      "device_6": {
        "utilization": 0.811371271128055,
        "temperature": 73.39799448948193,
        "power_usage": 562.274254225611,
        "memory_used": 0,
        "memory_total": 103079215104
      },
      "device_7": {
        "utilization": 0.823157758066994,
        "temperature": 73.8105215323448,
        "power_usage": 564.6315516133988,
        "memory_used": 0,
        "memory_total": 103079215104
      }
    }
  },
  "history": {
    "epoch": [
      1,
      2,
      3,
      4,
      5
    ],
    "loss": [
      1.6330579550428508,
      1.3269062755005185,
      1.0218857726202057,
      0.7226327273669472,
      0.4205546963123922
    ],
    "accuracy": [
      0.44785670052506943,
      0.5694884331085523,
      0.6900040043411529,
      0.8123937454601246,
      0.9249033374189426
    ],
    "val_loss": [
      1.657200087002626,
      1.303652313039069,
      1.048035059774315,
      0.8070932261019887,
      0.3688681469982139
    ],
    "val_accuracy": [
      0.4420079583368561,
      0.5713599505880601,
      0.7748840806825513,
      0.860616858587345,
      0.9453150465692066
    ],
    "learning_rate": [
      0.001,
      0.001,
      0.001,
      0.001,
      0.001
    ],
    "batch_time": [
      0.11081615213383976,
      0.11178756806413773,
      0.11037908220884401,
      0.11024292841139223,
      0.1118660305103932
    ],
    "throughput": [
      577.5331372515362,
      572.5144674699446,
      579.8200050160597,
      580.5361026076154,
      572.112907805859
    ]
  }
}